sample,n_formulas,mean_CIR,sd_CIR,prop_high_CIR,richness,CIR_CRAM,CIR_N_containing,CIR_aromatic,CIR_carbohydrate_like,CIR_condensed_aromatic,CIR_lipid_like,CIR_other,CIR_protein_like,prop_other,prop_CRAM,prop_lipid_like,prop_aromatic,prop_carbohydrate_like,prop_N_containing,prop_protein_like,prop_condensed_aromatic,site_id,replicate,latitude,longitude,temperature_C,river,state,country,DOC_mgL
S000003.1,1730,1.1408294040847062,0.14779517245891127,0.46069364161849713,1730,1.0022913276352938,1.2171674157834085,0.8800238919098589,1.196378635975964,0.8408953718950742,1.2551624278127123,1.243282116460779,1.0911015612147135,0.3815028901734104,0.3491329479768786,0.0953757225433526,0.05433526011560694,0.04566473988439306,0.03815028901734104,0.02601156069364162,0.009826589595375723,S000003,1,44.207386,-122.258178,10.0,WS1,Oregon,USA,1.288
S000003.2,2212,1.138699871413368,0.1477363605058356,0.4629294755877034,2212,1.0054681823057365,1.218378045567828,0.8696160417528099,1.189899534396295,0.8704288594642866,1.2672133087385666,1.2451981771753438,1.0955430687356402,0.3783905967450271,0.3539783001808318,0.08363471971066908,0.054249547920433995,0.05108499095840868,0.0433996383363472,0.026220614828209764,0.009041591320072333,S000003,2,44.207386,-122.258178,10.0,WS1,Oregon,USA,1.288
S000003.3,1402,1.142455826302144,0.14562579206768206,0.4614835948644793,1402,1.0042733051972503,1.2156970824295734,0.8781569025987527,1.1786367874772967,0.8197904731313105,1.2479858197952334,1.2398769898499862,1.0945104613545698,0.398716119828816,0.3437945791726106,0.09985734664764621,0.052781740370898715,0.0456490727532097,0.029957203994293864,0.020684736091298145,0.008559201141226819,S000003,3,44.207386,-122.258178,10.0,WS1,Oregon,USA,1.288
S000004.1,680,1.1437847533400614,0.13757851381959355,0.4264705882352941,680,1.0170132810966597,1.2032024017461624,0.8725438147166492,1.1884337072662734,0.8721161797081346,1.2375820194860891,1.2280715552986512,1.1068527286685923,0.3514705882352941,0.38529411764705884,0.15588235294117647,0.022058823529411766,0.04852941176470588,0.010294117647058823,0.014705882352941176,0.011764705882352941,S000004,1,44.217143,-122.260991,10.0,WS10,Oregon,USA,0.918
S000004.2,990,1.1507365589794822,0.14440343258198574,0.48383838383838385,990,1.0274674498280096,1.2136155127012218,0.8629586317370987,1.1852793266535602,0.8829478929783422,1.2665433790980793,1.2386183874202188,1.1150587113627277,0.3747474747474748,0.3191919191919192,0.14444444444444443,0.03434343434343434,0.06464646464646465,0.01616161616161616,0.031313131313131314,0.015151515151515152,S000004,2,44.217143,-122.260991,10.0,WS10,Oregon,USA,0.918
S000004.3,1243,1.134984078273019,0.14265659604720418,0.4473049074818986,1243,1.0158717762906284,1.2179430655306882,0.8738464523835681,1.183230329168188,0.8587161536850145,1.2624537137736045,1.238534728693348,1.1034324662346853,0.37731295253419145,0.37811745776347544,0.08205953338696702,0.042638777152051485,0.04585679806918745,0.03378921962992759,0.03298471440064361,0.007240547063555913,S000004,3,44.217143,-122.260991,10.0,WS10,Oregon,USA,0.918
S000005.1,1514,1.1394503902215332,0.14998579882296956,0.4478203434610304,1514,1.012979695297305,1.2127174905991487,0.8688659576221311,1.1966603412831343,0.8539285639884352,1.259782834449517,1.2415361108484912,1.1044966678860946,0.34940554821664466,0.3441215323645971,0.1096433289299868,0.059445178335535004,0.056142668428005284,0.03302509907529723,0.034346103038309116,0.013870541611624834,S000005,1,44.210012,-122.257614,8.0,Lookout Creek,Oregon,USA,1.167
S000005.2,916,1.1360711739720926,0.14030896173423824,0.4519650655021834,916,1.0170690277868515,1.2176661070834436,0.8690324668859345,1.1730247044212836,0.8893259083864772,1.2521657932705805,1.2351580304190874,1.0903638283739514,0.39082969432314413,0.3569868995633188,0.11572052401746726,0.034934497816593885,0.04912663755458515,0.017467248908296942,0.025109170305676855,0.009825327510917031,S000005,2,44.210012,-122.257614,8.0,Lookout Creek,Oregon,USA,1.167
S000005.3,1571,1.1393046007246161,0.1475981092084627,0.45066836409929983,1571,1.0090861164807405,1.2164502603987521,0.8757869924729237,1.1824797758653565,0.8405615801475655,1.2512514377143718,1.2417435267632868,1.1017162321258485,0.3494589433481859,0.3411839592616168,0.12667091024824953,0.04964990451941439,0.06301718650541056,0.031190324633991087,0.02991725015913431,0.008911521323997454,S000005,3,44.210012,-122.257614,8.0,Lookout Creek,Oregon,USA,1.167
S000006.1,1019,1.14175662443072,0.1431994304350291,0.48086359175662413,1019,1.0112430056274326,1.208091053629485,0.8755479417902339,1.171798928792182,0.8815663142745283,1.2718572025043278,1.2362013270809598,1.1221593788725057,0.38665358194308147,0.323846908734053,0.12659470068694798,0.038272816486751716,0.06673209028459273,0.023552502453385672,0.021589793915603533,0.012757605495583905,S000006,1,44.212101,-122.244663,10.0,WS2,Oregon,USA,1.623
S000006.2,2084,1.150944770560319,0.15234715652705147,0.4750479846449136,2084,1.0075060071708546,1.2220913993282188,0.8715593289344005,1.1694589856612287,0.8896042068412402,1.2608407341916574,1.244775955935702,1.0965723173996553,0.32629558541266795,0.30806142034548945,0.16410748560460653,0.05710172744721689,0.07677543186180422,0.03502879078694818,0.022072936660268713,0.01055662188099808,S000006,2,44.212101,-122.244663,10.0,WS2,Oregon,USA,1.623
S000006.3,1804,1.1445146459988118,0.15152198643455295,0.4556541019955654,1804,1.0067355886339873,1.2184608000191621,0.8691056665040441,1.1715049082899258,0.8544317191568864,1.2556798629647725,1.2432535946263272,1.1015656273217258,0.35421286031042126,0.332039911308204,0.1286031042128603,0.0598669623059867,0.06208425720620843,0.026607538802660754,0.02827050997782705,0.008314855875831485,S000006,3,44.212101,-122.244663,10.0,WS2,Oregon,USA,1.623
S000007.1,906,1.1685150368000605,0.14410805896747975,0.434878587196468,906,1.0207516885575136,1.2072729405026226,0.8699876612653018,1.1702507861870606,0.8482750938358011,1.2574845194972444,1.2326833693638017,1.1115898551367243,0.347682119205298,0.336644591611479,0.152317880794702,0.04194260485651214,0.0640176600441501,0.017660044150110375,0.024282560706401765,0.01545253863134658,S000007,1,44.124286,-122.468282,8.0,McKenzie River,Oregon,USA,1.098
S000007.2,774,1.1637902486957739,0.15018848968868048,0.417312661498708,774,1.0031793547631929,1.2073258743073598,0.8602373476422973,1.174020683647247,0.7779002437645374,1.2481936987104398,1.2309726114011226,1.1242380894902075,0.33204134366925064,0.39147286821705424,0.1834625322997416,0.01937984496124031,0.04780361757105943,0.007751937984496124,0.007751937984496124,0.0103359173126615,S000007,2,44.124286,-122.468282,8.0,McKenzie River,Oregon,USA,1.098
S000008.2,2172,1.1833483655961612,0.15543187004778214,0.4940147329650092,2172,1.0351192947057881,1.210337671588418,0.8630338001786252,1.211561624388113,0.8700358798046519,1.2817432483849274,1.2490420022420825,1.1339049200915985,0.2983425414364641,0.27716390423572745,0.15193370165745856,0.07826887661141804,0.10313075506445672,0.04880294659300184,0.0285451197053407,0.013812154696132596,S000008,2,35.091,-106.683,15.1,Rio Grande,New Mexico,USA,5.047
S000008.3,2160,1.1636624151568735,0.15646056363638924,0.49722222222222223,2160,1.0322183141508958,1.2079878440477754,0.862293970147771,1.2063585105491588,0.8716062127380347,1.293389922181002,1.2501984367007324,1.1387533444974391,0.3282407407407407,0.2569444444444444,0.11064814814814815,0.08472222222222223,0.11805555555555555,0.05324074074074074,0.02962962962962963,0.018518518518518517,S000008,3,35.091,-106.683,15.1,Rio Grande,New Mexico,USA,5.047
S000008.4,3251,1.1589853098189813,0.1586342953850683,0.4715472162411566,3251,1.0259092538944512,1.2173638346429818,0.8674430733952935,1.197443623150432,0.8901847393967055,1.2935708773312191,1.2514301752834418,1.1362085896827303,0.29529375576745615,0.287603814211012,0.11627191633343587,0.09104890802829899,0.10919717010150723,0.05721316517994463,0.026760996616425715,0.016610273761919408,S000008,4,35.091,-106.683,15.1,Rio Grande,New Mexico,USA,5.047
S000009.1,2625,1.1518326902986282,0.15384073175281598,0.4697142857142857,2625,1.0267994404837006,1.2150688340250686,0.8709894897384574,1.2014401902629488,0.8844437489114076,1.2867698684274735,1.2490367221237089,1.1292362649050043,0.32457142857142857,0.30133333333333334,0.09371428571428571,0.09142857142857143,0.06857142857142857,0.07352380952380952,0.032,0.014857142857142857,S000009,1,46.254,-119.473454,19.7,Yakima,Washington,USA,2.003
S000009.2,2651,1.151032716500677,0.15224367106985065,0.4651075066012825,2651,1.0230500365823434,1.215777567385797,0.871367875051162,1.196356336244174,0.9026397292723564,1.2829312208473467,1.2491722893459707,1.1255692049893815,0.3304413428894757,0.3085628064881177,0.08751414560543191,0.08826857789513391,0.06978498679743493,0.07468879668049792,0.03017729158807997,0.010562052055827989,S000009,2,46.254,-119.473454,19.7,Yakima,Washington,USA,2.003
S000009.3,2836,1.1501742875968226,0.15586668117597177,0.4657968970380818,2836,1.0240879134885934,1.217202086374551,0.8709222955502078,1.1957446576008404,0.876491590086233,1.28744686305183,1.2507955538551931,1.1304338294968994,0.32581100141043723,0.30571227080394925,0.09485190409026799,0.09167842031029619,0.06629055007052186,0.07228490832157969,0.028913963328631876,0.014456981664315938,S000009,3,46.254,-119.473454,19.7,Yakima,Washington,USA,2.003
S000011.1,1535,1.1601290111347073,0.1485030017293883,0.4527687296416938,1535,1.0376496746042552,1.2020122434557712,0.859737774978665,1.196537801569067,0.9089542217478831,1.2781313089509059,1.246487164501709,1.1372124137702728,0.30618892508143325,0.32964169381107494,0.1257328990228013,0.06188925081433225,0.0781758957654723,0.05863192182410423,0.029315960912052116,0.010423452768729642,S000011,1,35.999387,-84.298959,21.9,East Fork Poplar Creek,Tennessee,USA,1.698
S000011.2,2321,1.1514180296902372,0.15470828489266136,0.45282205945713055,2321,1.031175354198276,1.208447467491685,0.8653471875998193,1.200836361569566,0.8969092796118461,1.2909124546934605,1.25083024635365,1.1284936742845209,0.3132270573028867,0.31107281344248167,0.10211115898319689,0.08315381301163291,0.08789314950452391,0.05644118914261095,0.03015941404566997,0.015941404566996983,S000011,2,35.999387,-84.298959,21.9,East Fork Poplar Creek,Tennessee,USA,1.698
S000011.3,1633,1.1589309568231396,0.1488952320896758,0.4598897734231476,1633,1.035646754091476,1.202533706139029,0.866330474381323,1.2017935275472929,0.88980012981642,1.2863931088728147,1.2471622716243984,1.125933879562685,0.33619105939987753,0.32578077158603796,0.10042865890998164,0.06613594611145132,0.07287201469687692,0.06062461726883037,0.028169014084507043,0.009797917942437232,S000011,3,35.999387,-84.298959,21.9,East Fork Poplar Creek,Tennessee,USA,1.698
S000012.1,1594,1.160568338249986,0.14441521126019324,0.47992471769134254,1594,1.0378540662150864,1.2087594827642087,0.8619353935960086,1.2049721975527243,0.8536276229119066,1.282535673058419,1.2465432793817952,1.131841277428625,0.3337515683814304,0.32685069008782935,0.11480552070263488,0.04328732747804266,0.08030112923462986,0.05520702634880803,0.03638644918444166,0.009410288582183186,S000012,1,36.001921,-84.249506,21.8,East Fork Poplar Creek,Tennessee,USA,1.841
S000012.2,784,1.1657684437563542,0.1406076702754924,0.45663265306122447,784,1.0423276897378857,1.1954302430150376,0.8732967863378607,1.181751843387515,0.8546089331631315,1.2767341067924,1.2422080592134634,1.1129639751862235,0.4005102040816326,0.34183673469387754,0.10841836734693877,0.026785714285714284,0.061224489795918366,0.021683673469387755,0.02423469387755102,0.015306122448979591,S000012,2,36.001921,-84.249506,21.8,East Fork Poplar Creek,Tennessee,USA,1.841
S000012.3,486,1.166328296228544,0.13919340455786214,0.4773662551440329,486,1.049385132597225,1.1829870545507275,0.8614165182218029,1.1720485568828931,0.8547367975247696,1.2930384311710816,1.2452440153436743,1.1753436275043854,0.4506172839506173,0.3436213991769547,0.10493827160493827,0.01440329218106996,0.047325102880658436,0.01440329218106996,0.006172839506172839,0.018518518518518517,S000012,3,36.001921,-84.249506,21.8,East Fork Poplar Creek,Tennessee,USA,1.841
S000013.1,2483,1.1501133779424884,0.15436365331428686,0.44744260974627464,2483,1.0450230378193333,1.2119710054319062,0.8668028519724147,1.1849773997748443,0.8814834184779571,1.2912328277934775,1.2523271278829657,1.133580681508667,0.25533628674989933,0.33387031816351187,0.13733387031816352,0.07128473620620218,0.09424083769633508,0.05839710028191704,0.03221908981071285,0.017317760773258157,S000013,1,35.966354,-84.357576,21.8,East Fork Poplar Creek,Tennessee,USA,2.541
S000013.2,2810,1.1458739320659008,0.1557923831202455,0.43238434163701067,2810,1.0420524723644657,1.2149677031174468,0.8681167539883418,1.1844080398488726,0.8765276020596194,1.2830057473969718,1.2524840841200302,1.1369277500270123,0.24697508896797152,0.3377224199288256,0.1309608540925267,0.08434163701067615,0.09323843416370106,0.05907473309608541,0.030604982206405694,0.01708185053380783,S000013,2,35.966354,-84.357576,21.8,East Fork Poplar Creek,Tennessee,USA,2.541
S000013.3,1632,1.1482222063582026,0.15194326791125312,0.4362745098039216,1632,1.0543259646591643,1.207647803993839,0.865067764819314,1.1838203398312708,0.881831902804486,1.288298000427218,1.2504338339552736,1.1435599434668862,0.2659313725490196,0.3553921568627451,0.13112745098039216,0.0704656862745098,0.07904411764705882,0.04963235294117647,0.032475490196078434,0.015931372549019607,S000013,3,35.966354,-84.357576,21.8,East Fork Poplar Creek,Tennessee,USA,2.541
S000014.2,1001,1.1759595311097208,0.1392307857910452,0.4755244755244755,1001,1.0515218033993452,1.198337163652428,0.8602570198576411,1.1946446035025133,0.8960488643554336,1.2926729740524447,1.2516301272083978,1.1548595720618857,0.34065934065934067,0.34065934065934067,0.10989010989010989,0.028971028971028972,0.07492507492507493,0.058941058941058944,0.03696303696303696,0.008991008991008992,S000014,2,30.245112,-97.695781,26.5,Lower Colorado River,Texas,USA,3.538
S000014.3,922,1.1809403930661915,0.13541120896139364,0.47288503253796094,922,1.0602036643388548,1.2020004772353472,0.8622571587697339,1.200494243216786,0.8916274273514998,1.2926597856418627,1.2483929539998324,1.124157698047969,0.3600867678958785,0.34598698481561824,0.0911062906724512,0.03470715835140998,0.06832971800433839,0.055314533622559656,0.03796095444685466,0.006507592190889371,S000014,3,30.245112,-97.695781,26.5,Lower Colorado River,Texas,USA,3.538
S000014.4,1690,1.1729891201310285,0.14645549106276284,0.4727810650887574,1690,1.0423686130819483,1.2058551960275277,0.8679607491654169,1.2066327820311202,0.8868639395107102,1.2935066859643722,1.2515053319671612,1.1380101110263816,0.31005917159763313,0.32781065088757394,0.1076923076923077,0.05917159763313609,0.07633136094674556,0.07218934911242604,0.0378698224852071,0.008875739644970414,S000014,4,30.245112,-97.695781,26.5,Lower Colorado River,Texas,USA,3.538
S000022.1,501,1.160286123648698,0.13572353216218666,0.45708582834331335,501,1.0408323203202996,1.2184472225458594,0.8675080420488738,1.1798207425211789,0.8589009279732018,1.2803077151887212,1.2347233977386518,1.2842766288221386,0.4431137724550898,0.36926147704590817,0.09580838323353294,0.021956087824351298,0.041916167664670656,0.011976047904191617,0.001996007984031936,0.013972055888223553,S000022,1,38.509976,-122.883578,63.0,Russian River,California,USA,1.728
S000022.2,434,1.154415430777933,0.13552103855180933,0.4470046082949309,434,1.045229795400132,1.2065901477508028,0.8505255038957841,1.1794626487972084,0.8657355827549742,1.2773448548715634,1.2319099866058312,1.2227260360854202,0.4631336405529954,0.3640552995391705,0.08525345622119816,0.029953917050691243,0.03456221198156682,0.0069124423963133645,0.0069124423963133645,0.009216589861751152,S000022,2,38.509976,-122.883578,63.0,Russian River,California,USA,1.728
S000022.3,1063,1.1594574459513303,0.14122708355281202,0.47130761994355597,1063,1.0315175765040272,1.2057150942490524,0.8651269464169372,1.1880009899424195,0.8646774676009438,1.2674796212024941,1.24252960743428,1.1199483349807886,0.4195672624647225,0.31890874882408277,0.07902163687676388,0.05456255879586077,0.045155221072436504,0.043273753527751646,0.03292568203198495,0.00658513640639699,S000022,3,38.509976,-122.883578,63.0,Russian River,California,USA,1.728
S000023.1,2918,1.1429539583860253,0.15812661069826367,0.4266620973269363,2918,1.0271516008678696,1.2170346348857026,0.871599043588339,1.1996906523710047,0.8970395074638662,1.2862619806294002,1.2458536197866448,1.130120380512133,0.3108293351610692,0.3026045236463331,0.08738862234407128,0.11651816312542837,0.06134338588074023,0.06751199451679232,0.02844413982179575,0.025359835503769704,S000023,1,38.494121,-122.85312,17.5,Mark West Creek,California,USA,5.164
S000023.2,2515,1.1376461987928614,0.15649930989577973,0.41789264413518884,2515,1.0289883279095327,1.214521505529207,0.8700884430953629,1.1981294922697099,0.8971260160811015,1.2882621110824493,1.2435300756479148,1.1316511994032152,0.3121272365805169,0.310934393638171,0.0874751491053678,0.11292246520874752,0.0536779324055666,0.07196819085487077,0.02743538767395626,0.02345924453280318,S000023,2,38.494121,-122.85312,17.5,Mark West Creek,California,USA,5.164
S000023.3,2182,1.149362324610506,0.15829948564834914,0.4216315307057745,2182,1.0319938396717436,1.2126116054680607,0.8689344834207375,1.2017637416663554,0.873479875724825,1.2790982042861152,1.2461273431301818,1.130769617692453,0.3029330889092576,0.31805682859761686,0.09578368469294225,0.11365719523373052,0.052703941338221816,0.0692025664527956,0.027497708524289642,0.02016498625114574,S000023,3,38.494121,-122.85312,17.5,Mark West Creek,California,USA,5.164
S000030.1,2213,1.1426009981687144,0.15587752282064196,0.447356529597831,2213,1.020166268523825,1.2144349432314316,0.8687920027361121,1.1998932535609976,0.8687074390001857,1.2795634945033925,1.2485716900583055,1.1151515079887961,0.3375508359692725,0.3176683235427022,0.08088567555354723,0.09353818346136467,0.06868504292815183,0.054676909173068236,0.031179394487121554,0.015815634884771803,S000030,1,38.922791,-106.949624,10.3,East River,Colorado,USA,1.91
S000030.2,3060,1.142774264202378,0.157383353800102,0.44248366013071894,3060,1.0161260340662381,1.2180942752601225,0.8729810894616561,1.1988982330733353,0.8884986896068222,1.2743669406780067,1.2516128824151176,1.117763471732699,0.3212418300653595,0.3173202614379085,0.08660130718954248,0.09901960784313725,0.06405228758169934,0.06209150326797386,0.028431372549019607,0.021241830065359478,S000030,2,38.922791,-106.949624,10.3,East River,Colorado,USA,1.91
S000030.3,3133,1.1410340778050438,0.15680833897548366,0.44366421959782953,3133,1.0150792142829257,1.2190049194552335,0.8735016654276324,1.1995687835439344,0.8971838961157087,1.2789888787505848,1.2512807662778418,1.1153435709952755,0.3252473667411427,0.3230130864985637,0.08330673475901691,0.1008617938078519,0.06351739546760293,0.05872965209064794,0.02872646026172997,0.016597510373443983,S000030,3,38.922791,-106.949624,10.3,East River,Colorado,USA,1.91
S000035.1,3566,1.1378578680109661,0.1609999542831054,0.41587212563095904,3566,1.0276940722566743,1.2213050767167075,0.8723543582779105,1.1994710141536775,0.9047351238300525,1.2859662741817772,1.248762731595343,1.127556240996745,0.27565900168255747,0.31604038137969714,0.10011217049915871,0.11749859786876052,0.06674144699943915,0.06702187324733595,0.025238362310712283,0.03168816601233875,S000035,1,39.99883,-83.023911,28.0,Olentangy,Ohio,USA,4.759
S000035.2,2901,1.1352222439428004,0.16015635593070057,0.4119269217511203,2901,1.0283447097812792,1.215029398798546,0.8703712916247116,1.1919151640684815,0.884944233040985,1.2892523422434217,1.2466354712614238,1.1313025181755172,0.2819717338848673,0.32368148914167527,0.09651844191658049,0.1189245087900724,0.06514994829369183,0.06618407445708377,0.02619786280592899,0.021371940710099964,S000035,2,39.99883,-83.023911,28.0,Olentangy,Ohio,USA,4.759
S000035.3,3668,1.1353742659734862,0.16250332663221892,0.4138495092693566,3668,1.0252688981539435,1.2205562765718252,0.8731514296793261,1.1947466457201283,0.8939033425560112,1.2945507442861885,1.248399575159489,1.1383018176615407,0.2734460196292257,0.32251908396946566,0.09678298800436205,0.12022900763358779,0.06652126499454744,0.06788440567066521,0.023446019629225736,0.02917121046892039,S000035,3,39.99883,-83.023911,28.0,Olentangy,Ohio,USA,4.759
S000036.1,3763,1.1457357947213893,0.1614313019694807,0.4395429178846665,3763,1.0259376365158428,1.2227496508784572,0.8750149553084287,1.2002497559338792,0.9100463368278285,1.2922162270536026,1.251599740274579,1.1288823544921078,0.3125166090884932,0.2798299229338294,0.07892638851979804,0.12516609088493225,0.07414297103374967,0.06882806271591815,0.028169014084507043,0.032420940738772254,S000036,1,41.38247,-82.514685,20.8,Old Woman Creek,Ohio,USA,5.006
S000036.2,3034,1.1470973531962017,0.15933036623725333,0.44528675016479896,3034,1.030010731858856,1.2199659138580894,0.8719888814706612,1.2024282315950372,0.9060651999693942,1.2845533637393414,1.2498038989881404,1.1303135779844058,0.3141067897165458,0.2811470006591958,0.08602504943968359,0.12096242584047462,0.06822676334871457,0.07317073170731707,0.02999340804218853,0.026367831245880026,S000036,2,41.38247,-82.514685,20.8,Old Woman Creek,Ohio,USA,5.006
S000036.3,3252,1.1450388805568514,0.1585303126572178,0.4388068880688807,3252,1.0272147015937634,1.2211743468471146,0.8772768789604336,1.198130816696215,0.8946995353986288,1.2821348758343216,1.2485985830840385,1.134067108971228,0.3031980319803198,0.28628536285362854,0.09071340713407135,0.11838868388683887,0.07072570725707257,0.07441574415744158,0.02982779827798278,0.026445264452644526,S000036,3,41.38247,-82.514685,20.8,Old Woman Creek,Ohio,USA,5.006
S000044.1,2729,1.1495329103688996,0.1549371458009819,0.4675705386588494,2729,1.016009406635169,1.2141315675973212,0.8705995806744528,1.2032790160683273,0.893552763859397,1.2784967372416929,1.2494470281205459,1.1248568814721505,0.3715646757053866,0.3048735800659582,0.07108831073653353,0.09563942836203737,0.06339318431659949,0.05349945034811286,0.02674972517405643,0.0131916452913155,S000044,1,46.37,-119.27,13.0,Columbia River,Washington,USA,2.756
S000044.2,3024,1.1490297373286158,0.15750208806089336,0.4662698412698413,3024,1.0121670451014468,1.2162016140534144,0.8708218533416416,1.200398876013706,0.8838558955962045,1.2904402751453914,1.2532288710873247,1.1319486891749175,0.3654100529100529,0.31316137566137564,0.06845238095238096,0.09358465608465609,0.06382275132275132,0.05489417989417989,0.027447089947089946,0.013227513227513227,S000044,2,46.37,-119.27,13.0,Columbia River,Washington,USA,2.756
S000044.3,2885,1.1492101119168792,0.1558174312910805,0.4714038128249567,2885,1.0139973499492945,1.214587400287679,0.8671658577894262,1.2095480096501272,0.8984436996408396,1.2838371035782083,1.2513752042350337,1.126448583956288,0.3722703639514731,0.31403812824956673,0.06655112651646447,0.09324090121317158,0.0610051993067591,0.05580589254766031,0.02634315424610052,0.01074523396880416,S000044,3,46.37,-119.27,13.0,Columbia River,Washington,USA,2.756
S000045.1,3145,1.1502966914914992,0.1562225954871851,0.4642289348171701,3145,1.0163325883624899,1.2143046047791135,0.8710437524529242,1.1990393510817026,0.8846016389507517,1.2809690471236486,1.2521564945247865,1.1247788901932967,0.3589825119236884,0.312241653418124,0.07344992050874403,0.09252782193958664,0.06422893481717011,0.05659777424483307,0.028298887122416534,0.013672496025437202,S000045,1,46.373014,-119.272266,15.0,Columbia River,Washington,USA,2.516
S000045.2,3073,1.1487119194053792,0.1568083370789027,0.46697038724373574,3073,1.0117324029734398,1.2159594380581398,0.8707630172923667,1.2092039460510182,0.8827713600516566,1.2862527841642688,1.252998271837031,1.124254308534823,0.3625122030589001,0.31727953140253823,0.06768630003254149,0.08948909860071591,0.06475756589651806,0.05597136348844777,0.027009437032216074,0.015294500488122356,S000045,2,46.373014,-119.272266,15.0,Columbia River,Washington,USA,2.516
S000045.3,3118,1.1501185051366667,0.1567933241394159,0.4666452854393842,3118,1.0120887436139654,1.2154279709436577,0.8690442535923829,1.2044185050463565,0.9007188865235165,1.2815285956003808,1.253029048333788,1.1310314655499083,0.3617703656189865,0.31462475946119306,0.07023733162283514,0.09429121231558692,0.06446440025657472,0.055163566388710714,0.028223220012828735,0.011225144323284156,S000045,3,46.373014,-119.272266,15.0,Columbia River,Washington,USA,2.516
S000054.2,2983,1.153417028657866,0.1556218726801584,0.47536037546094534,2983,1.0141890473944415,1.2139739583574687,0.8705941677616831,1.2026847893030053,0.892000618505396,1.2772145279741172,1.2518228278760206,1.1215195546231642,0.37210861548776397,0.29165269862554477,0.07006369426751592,0.09017767348307074,0.07609788803218237,0.05363727790814616,0.029165269862554476,0.01709688233322159,S000054,2,46.373104,-119.272205,14.5,Columbia River,Washington,USA,2.471
S000054.3,3050,1.1508667039306215,0.1563265408291324,0.4659016393442623,3050,1.014100669114019,1.2164741270641253,0.8708469035622067,1.2043083548883886,0.8750579864735262,1.27779008515124,1.2519339034164128,1.1242342128431657,0.3557377049180328,0.30655737704918035,0.07836065573770491,0.09344262295081968,0.06688524590163934,0.0580327868852459,0.028524590163934428,0.012459016393442624,S000054,3,46.373104,-119.272205,14.5,Columbia River,Washington,USA,2.471
S000054.4,3037,1.1532592811979763,0.1556697337015022,0.48337174843595654,3037,1.019631499642649,1.2139342332654224,0.8700062544475818,1.2035277906269517,0.9006653074417441,1.28667762576318,1.2521705680011526,1.1319382518385577,0.3710898913401383,0.28580836351662825,0.0675008231807705,0.09219624629568653,0.08133026012512348,0.05498847546921304,0.02765887388870596,0.019427066183733948,S000054,4,46.373104,-119.272205,14.5,Columbia River,Washington,USA,2.471
S000055.1,2873,1.151502260526458,0.1556887960034031,0.4775495997215454,2873,1.0132513580527147,1.2132100764687517,0.8660782436565615,1.1959963771636553,0.8902837614854708,1.2739051563004513,1.2515595074534718,1.1268697478209246,0.3508527671423599,0.29759832927253743,0.10163592064044552,0.08249216846501914,0.0776192133658197,0.05151409676296554,0.02610511660285416,0.012182387747998607,S000055,1,46.373073,-119.272254,15.0,Columbia River,Washington,USA,2.423
S000055.2,563,1.1608209296783905,0.13873264958476345,0.47424511545293074,563,1.0418622860981552,1.2232613541739767,0.8603112228843534,1.1668108695490942,0.8771336541231559,1.2797827762820349,1.2381107535259341,1.1685745572170914,0.48134991119005327,0.35346358792184723,0.08170515097690942,0.03197158081705151,0.02664298401420959,0.008880994671403197,0.007104795737122558,0.008880994671403197,S000055,2,46.373073,-119.272254,15.0,Columbia River,Washington,USA,2.423
S000055.3,647,1.1671792861143517,0.1389699423710517,0.4899536321483771,647,1.0402651283229762,1.1894343401772698,0.8650854549446334,1.194983452154207,0.8238957941462043,1.2742683355782136,1.2390990365366932,1.1692777353820916,0.4868624420401855,0.31993817619783615,0.08500772797527048,0.04327666151468315,0.0401854714064915,0.00463678516228748,0.015455950540958269,0.00463678516228748,S000055,3,46.373073,-119.272254,15.0,Columbia River,Washington,USA,2.423
S000056.1,1943,1.1610914522837987,0.15402688501326306,0.46680391147709727,1943,1.0218205905433857,1.2107740631135182,0.8669133660640854,1.200004635881133,0.8643150146054134,1.271122684853204,1.247857379538318,1.1304465486512025,0.36284096757591355,0.31240349974266596,0.09469891919711786,0.08080288214101904,0.06176016469377252,0.04529078744209985,0.029336078229541946,0.012866700977869275,S000056,1,46.347558,-119.280801,16.0,Columbia River,Washington,USA,2.168
S000056.2,3249,1.1457208121533093,0.15777021975762945,0.4490612496152662,3249,1.0113711577395337,1.213983713429427,0.8657623569299276,1.2048658368807819,0.9021712810297444,1.271466697534108,1.2526447607214142,1.120836146588933,0.324715297014466,0.3219452139119729,0.09541397353031703,0.08833487226839028,0.07048322560787934,0.049553708833487226,0.030163127116035703,0.019390581717451522,S000056,2,46.347558,-119.280801,16.0,Columbia River,Washington,USA,2.168
S000056.3,3191,1.144950924400325,0.15763277837832998,0.4475086179880915,3191,1.0128639441657554,1.215837409274898,0.8689758576271388,1.2009270388544533,0.8976541234330889,1.2714302407647606,1.251618129350378,1.1230796291993441,0.3265434033218427,0.3158884362268881,0.09589470385459103,0.09620808523973676,0.06957066750235036,0.05139454716389846,0.029144468818552177,0.015355687872140394,S000056,3,46.347558,-119.280801,16.0,Columbia River,Washington,USA,2.168
S000059.1,1869,1.1535399099591672,0.15723705065846602,0.44087747458533977,1869,1.045470341590807,1.207144598738847,0.8641993901810177,1.1969213042328175,0.8823221042788764,1.2909459256742881,1.2476547146474548,1.1421469312995314,0.28785446762974853,0.32263242375601925,0.11342964151952915,0.10058855002675228,0.06741573033707865,0.06527554842161584,0.027287319422150885,0.015516318887105404,S000059,1,39.238368,-84.711626,27.7,Great Miami River ,Ohio,USA,3.637
S000059.2,2583,1.1439729953930926,0.1560002221507178,0.43902439024390244,2583,1.037198241395992,1.216220011888353,0.8691386686539508,1.2009026451821363,0.9022806383535888,1.292547727301247,1.2470391862768313,1.132817794069003,0.27990708478513354,0.3178474641889276,0.10375532326751839,0.10104529616724739,0.07239643825009678,0.07278358497870693,0.030584591560201317,0.02168021680216802,S000059,2,39.238368,-84.711626,27.7,Great Miami River ,Ohio,USA,3.637
S000059.3,3871,1.1412476972721626,0.16049175192908877,0.4265047791268406,3871,1.031707236807449,1.2221670011672636,0.8760072641295001,1.190843426161568,0.9018183418472687,1.2912871259051943,1.249386178867789,1.1351488240104826,0.26711444071299406,0.30663911134073885,0.10720743993800051,0.11624903125807284,0.07543270472746061,0.0702660811159907,0.025574786876776025,0.031516404029966416,S000059,3,39.238368,-84.711626,27.7,Great Miami River ,Ohio,USA,3.637
S000060.1,2306,1.1603608296862016,0.15343809287622115,0.4878577623590633,2306,1.0206256635340096,1.2105304557077143,0.8676526370142581,1.19062479473569,0.8786055022698763,1.2678210673911472,1.249486560150405,1.1304840159379081,0.32914137033824803,0.27840416305290544,0.15004336513443192,0.07025151777970512,0.09236773633998266,0.04423243712055507,0.02818733738074588,0.007372072853425846,S000060,1,46.372781,-119.271912,16.0,Columbia River,Washington,USA,3.467
S000060.2,2285,1.1513678126555424,0.15201870657891037,0.4656455142231947,2285,1.020440090361536,1.2113393416517977,0.8703967332898964,1.2081940974823726,0.8955927074927708,1.2760999601663459,1.2490776627306484,1.1274644440957364,0.3702407002188184,0.3137855579868709,0.07483588621444201,0.08971553610503283,0.05908096280087528,0.05470459518599562,0.028446389496717725,0.009190371991247264,S000060,2,46.372781,-119.271912,16.0,Columbia River,Washington,USA,3.467
S000060.3,1986,1.1513314284778078,0.15228653651447088,0.4692849949647533,1986,1.0220639379744154,1.2012748191092353,0.8667304174862472,1.2044751050212024,0.8789791376215073,1.2820810704120664,1.2490045544230801,1.1296077715123127,0.3867069486404834,0.3021148036253776,0.07049345417925479,0.08610271903323263,0.06243705941591138,0.050352467270896276,0.03121852970795569,0.010574018126888218,S000060,3,46.372781,-119.271912,16.0,Columbia River,Washington,USA,3.467
S000063.1,3297,1.1521822309078362,0.15726338730090192,0.4607218683651805,3297,1.0107253324048406,1.2184131045268896,0.8724783264948996,1.2055763945534321,0.8994425909180018,1.2811480184361328,1.2526709541329937,1.1316122197757976,0.34880194115862906,0.31179860479223537,0.0791628753412193,0.09736123748862602,0.06187443130118289,0.06187443130118289,0.026387625113739762,0.012738853503184714,S000063,1,46.372979,-119.272181,16.0,Columbia River,Washington,USA,1.902
S000063.2,3105,1.1517885803216528,0.1559557395895763,0.46859903381642515,3105,1.0144807841961947,1.2166031095061933,0.8722500161453526,1.205802366139453,0.8922304091400637,1.2858196342190797,1.2524069791882886,1.131949555407953,0.35555555555555557,0.31755233494363927,0.07149758454106281,0.09146537842190017,0.06634460547504026,0.05893719806763285,0.027375201288244767,0.011272141706924315,S000063,2,46.372979,-119.272181,16.0,Columbia River,Washington,USA,1.902
S000063.3,3195,1.154480268765502,0.1558429093714687,0.4676056338028169,3195,1.0145583496484916,1.2148020910290027,0.8708765351251269,1.203719696080889,0.8959042920511444,1.276094879861556,1.2524155380780861,1.1268037185760518,0.3564945226917058,0.30203442879499215,0.07668231611893583,0.09420970266040689,0.07167449139280126,0.05852895148669796,0.02754303599374022,0.012832550860719875,S000063,3,46.372979,-119.272181,16.0,Columbia River,Washington,USA,1.902
S000073.1,3043,1.1540101975455783,0.15609068452330688,0.4607295432139336,3043,1.0144753893446397,1.2155435327054238,0.8708678324659292,1.1983557022719904,0.895219856629439,1.275575210274683,1.250878286509679,1.1302832556402944,0.34834045349983567,0.30397633913900757,0.08511337495892211,0.09497206703910614,0.07032533683864607,0.05718041406506737,0.027275714755175814,0.012816299704239238,S000073,1,46.359512,-119.271805,18.0,Columbia River,Washington,USA,2.212
S000073.2,3249,1.1544190704288724,0.1570123041309061,0.46506617420744845,3249,1.0143191607877586,1.2173000435973802,0.8710372048813319,1.2097264771805096,0.8868160753415517,1.275777609609126,1.25270085682397,1.1328614532216168,0.3471837488457987,0.311788242536165,0.08156355801785165,0.09418282548476455,0.06709756848261003,0.05940289319790705,0.024930747922437674,0.013850415512465374,S000073,2,46.359512,-119.271805,18.0,Columbia River,Washington,USA,2.212
S000073.3,3297,1.1553119920163561,0.15698091889477142,0.4589020321504398,3297,1.0137991447468286,1.2153393080697055,0.8698793039609484,1.2043596311359508,0.8926025206981236,1.2815116345604105,1.252787768182387,1.1341181264205593,0.3481953290870488,0.3127085228996057,0.07643312101910828,0.09190172884440401,0.06763724598119503,0.05823475887170155,0.027600849256900213,0.017288444040036398,S000073,3,46.359512,-119.271805,18.0,Columbia River,Washington,USA,2.212
S000001.1,2678,1.145150439930544,0.1562814150382555,0.46601941747572817,2678,1.0066862676087374,1.2203257401066225,0.8620054289515621,1.1886303381188144,0.8746206821877489,1.2596206343187633,1.2490129404863637,1.1058481679250936,0.33943241224794624,0.31590739357729647,0.12359970126960418,0.07729648991784914,0.062359970126960415,0.041448842419716206,0.02875280059746079,0.011202389843166542,S000001,1,44.16357,-122.332589,6.0,Blue River,Oregon,USA,1.287
S000001.2,2515,1.1366167482295122,0.1547004641838022,0.4393638170974155,2515,1.0079809805764135,1.2193264029684172,0.8645457508430678,1.1756471528465553,0.8727904750676498,1.260423355572254,1.2470287047867366,1.1028349796821815,0.34035785288270376,0.3320079522862823,0.09860834990059641,0.08389662027833002,0.060437375745526836,0.03856858846918489,0.03061630218687873,0.015506958250497018,S000001,2,44.16357,-122.332589,6.0,Blue River,Oregon,USA,1.287
S000001.3,3000,1.1408593587213562,0.15740586904311007,0.4503333333333333,3000,1.0074192347426913,1.2196732127653636,0.8633151871344126,1.1874795285136952,0.8691237762724745,1.2617793624923397,1.249688303298395,1.0999222063857779,0.3233333333333333,0.32966666666666666,0.12366666666666666,0.07466666666666667,0.06933333333333333,0.03766666666666667,0.025666666666666667,0.016,S000001,3,44.16357,-122.332589,6.0,Blue River,Oregon,USA,1.287
S000002.1,2524,1.134835700044158,0.15334986355200592,0.4500792393026941,2524,1.0079559674107468,1.2199048962310899,0.8649581004600017,1.1894745725063574,0.8714445868243587,1.2632336102378448,1.248286881262617,1.1046599030728115,0.348256735340729,0.34746434231378764,0.09072900158478606,0.06854199683042789,0.061014263074484945,0.042789223454833596,0.028129952456418382,0.013074484944532488,S000002,1,44.219477,-122.24108,10.0,WS3,Oregon,USA,1.496
S000002.2,2834,1.14046727466581,0.1549728255438248,0.4573041637261821,2834,1.001481867670385,1.218785964668426,0.8668562605594949,1.1728376301020667,0.8658839704837533,1.260715055518019,1.2481898252650832,1.1060872902512426,0.3048694424841214,0.34086097388849684,0.14820042342978124,0.05575158786167961,0.08327452364149612,0.035285815102328866,0.02364149611856034,0.008115737473535639,S000002,2,44.219477,-122.24108,10.0,WS3,Oregon,USA,1.496
S000002.3,2191,1.1379575956073014,0.15003218277510477,0.4500228206298494,2191,1.007018034952933,1.214356011707706,0.8664334144207667,1.1863203385663244,0.8412700974798578,1.251725619362223,1.244126124633842,1.1024422306655928,0.3331811958010041,0.3537197626654496,0.12368781378366044,0.05750798722044728,0.0629849383842994,0.035600182565038795,0.026928343222272933,0.006389776357827476,S000002,3,44.219477,-122.24108,10.0,WS3,Oregon,USA,1.496
